{
  "dataset": "pamap2",
  "calibration_metrics": {
    "ece": 0.21307120542193567,
    "nll": 1.280577293162256,
    "bins": [
      0.03333333333333333,
      0.1,
      0.16666666666666669,
      0.23333333333333334,
      0.3,
      0.3666666666666667,
      0.43333333333333335,
      0.5,
      0.5666666666666667,
      0.6333333333333333,
      0.7,
      0.7666666666666666,
      0.8333333333333334,
      0.9,
      0.9666666666666667
    ],
    "accuracy_per_bin": [
      0.0,
      0.0,
      0.0,
      0.0,
      0.0,
      0.2857142857142857,
      0.45454545454545453,
      0.32,
      0.2857142857142857,
      0.28125,
      0.5161290322580645,
      0.3333333333333333,
      0.35384615384615387,
      0.49523809523809526,
      0.8416779431664412
    ]
  }
}