{
  "dataset": "pamap2",
  "fusion_type": "late",
  "test_accuracy": 0.7376744151115417,
  "test_f1_macro": 0.7284372084660592,
  "test_loss": 1.5141672660614431,
  "ece": 0.1606597978431125,
  "inference_ms": 1.333511042040448
}