{
  "dataset": "pamap2",
  "calibration_metrics": {
    "ece": 0.16549810485784397,
    "nll": 1.515475384557088,
    "bins": [
      0.03333333333333333,
      0.1,
      0.16666666666666669,
      0.23333333333333334,
      0.3,
      0.3666666666666667,
      0.43333333333333335,
      0.5,
      0.5666666666666667,
      0.6333333333333333,
      0.7,
      0.7666666666666666,
      0.8333333333333334,
      0.9,
      0.9666666666666667
    ],
    "accuracy_per_bin": [
      0.0,
      0.0,
      0.0,
      0.0,
      0.2,
      0.4166666666666667,
      0.34782608695652173,
      0.29545454545454547,
      0.23684210526315788,
      0.36363636363636365,
      0.4318181818181818,
      0.5526315789473685,
      0.6410256410256411,
      0.5,
      0.876577840112202
    ]
  }
}