{
  "dataset": "pamap2",
  "calibration_metrics": {
    "ece": 0.12864935933157456,
    "nll": 1.1064592231427122,
    "bins": [
      0.03333333333333333,
      0.1,
      0.16666666666666669,
      0.23333333333333334,
      0.3,
      0.3666666666666667,
      0.43333333333333335,
      0.5,
      0.5666666666666667,
      0.6333333333333333,
      0.7,
      0.7666666666666666,
      0.8333333333333334,
      0.9,
      0.9666666666666667
    ],
    "accuracy_per_bin": [
      0.0,
      0.0,
      0.0,
      0.0,
      0.25,
      0.25,
      0.4666666666666667,
      0.5853658536585366,
      0.6333333333333333,
      0.34782608695652173,
      0.52,
      0.6944444444444444,
      0.7397260273972602,
      0.7368421052631579,
      0.862937062937063
    ]
  }
}